X,Y,month,day,FFMC,DMC,DC,ISI,temp,RH,wind,rain,area
7,5,mar,fri,86.2,26.2,94.3,5.1,8.2,51,6.7,0.0,0.0
7,4,oct,tue,90.6,35.4,669.1,6.7,18.0,33,0.9,0.0,0.0
7,4,oct,sat,90.6,43.7,686.9,6.7,14.6,33,1.3,0.0,0.0
8,6,mar,fri,91.7,33.3,77.5,9.0,8.3,97,4.0,0.2,0.0
8,6,mar,sun,89.3,51.3,102.2,9.6,11.4,99,1.8,0.0,0.0
8,6,aug,sun,92.3,85.3,488.0,14.7,22.2,29,5.4,0.0,0.0
8,6,aug,mon,92.3,88.9,495.6,8.5,24.1,27,3.1,0.0,0.0
8,6,aug,mon,91.5,145.4,608.2,10.7,8.0,86,2.2,0.0,0.0
8,6,sep,tue,91.0,129.5,692.6,7.0,13.1,63,5.4,0.0,0.0
7,5,sep,sat,92.5,88.0,698.6,7.1,22.8,40,4.0,0.0,0.0
7,5,sep,sat,92.5,88.0,698.6,7.1,17.8,51,7.2,0.0,0.0
7,5,sep,sat,92.8,73.2,713.0,22.6,19.3,38,4.0,0.0,0.0
6,5,aug,fri,63.5,70.8,665.3,0.8,17.0,72,6.7,0.0,0.0
6,5,sep,mon,90.9,126.5,686.5,7.0,21.3,42,2.2,0.0,0.0
6,5,sep,wed,92.9,133.3,699.6,9.2,26.4,21,4.5,0.0,0.0
6,5,sep,fri,93.3,141.2,713.9,13.9,22.9,44,5.4,0.0,0.0
5,5,mar,sat,91.7,35.8,80.8,7.8,15.1,27,5.4,0.0,0.0
8,5,oct,mon,84.9,32.8,664.2,3.0,16.7,47,4.9,0.0,0.0
6,4,mar,wed,89.2,27.9,70.8,6.3,15.9,35,4.0,0.0,0.0
6,4,apr,sat,86.3,27.4,97.1,5.1,9.3,44,4.5,0.0,0.0
6,4,sep,tue,91.0,129.5,692.6,7.0,18.3,40,2.7,0.0,0.0
5,4,sep,mon,91.8,78.5,724.3,9.2,19.1,38,2.7,0.0,0.0
7,4,jun,sun,94.3,96.3,200.0,56.1,21.0,44,4.5,0.0,0.0
7,4,aug,sat,90.2,110.9,537.4,6.2,19.5,43,5.8,0.0,0.0
7,4,aug,sat,93.5,139.4,594.2,20.3,23.7,32,5.8,0.0,0.0
7,4,aug,sun,91.4,142.4,601.4,10.6,16.3,60,5.4,0.0,0.0
7,4,sep,fri,92.4,117.9,668.0,12.2,19.0,34,5.8,0.0,0.0
7,4,sep,mon,90.9,126.5,686.5,7.0,19.4,48,1.3,0.0,0.0
6,3,sep,sat,93.4,145.4,721.4,8.1,30.2,24,2.7,0.0,0.0
6,3,sep,sun,93.5,149.3,728.6,8.1,22.8,39,3.6,0.0,0.0
6,3,sep,fri,94.3,85.1,692.3,15.9,25.4,24,3.6,0.0,0.0
6,3,sep,mon,88.6,91.8,709.9,7.1,11.2,78,7.6,0.0,0.0
6,3,sep,fri,88.6,69.7,706.8,5.8,20.6,37,1.8,0.0,0.0
6,3,sep,sun,91.7,75.6,718.3,7.8,17.7,39,3.6,0.0,0.0
6,3,sep,mon,91.8,78.5,724.3,9.2,21.2,32,2.7,0.0,0.0
6,3,sep,tue,90.3,80.7,730.2,6.3,18.2,62,4.5,0.0,0.0
6,3,oct,tue,90.6,35.4,669.1,6.7,21.7,24,4.5,0.0,0.0
7,4,oct,fri,90.0,41.5,682.6,8.7,11.3,60,5.4,0.0,0.0
7,3,oct,sat,90.6,43.7,686.9,6.7,17.8,27,4.0,0.0,0.0
4,4,mar,tue,88.1,25.7,67.6,3.8,14.1,43,2.7,0.0,0.0
4,4,jul,tue,79.5,60.6,366.7,1.5,23.3,37,3.1,0.0,0.0
4,4,aug,sat,90.2,96.9,624.2,8.9,18.4,42,6.7,0.0,0.0
4,4,aug,tue,94.8,108.3,647.1,17.0,16.6,54,5.4,0.0,0.0
4,4,sep,sat,92.5,88.0,698.6,7.1,19.6,48,2.7,0.0,0.0
4,4,sep,wed,90.1,82.9,735.7,6.2,12.9,74,4.9,0.0,0.0
5,6,sep,wed,94.3,85.1,692.3,15.9,25.9,24,4.0,0.0,0.0
5,6,sep,mon,90.9,126.5,686.5,7.0,14.7,70,3.6,0.0,0.0
6,6,jul,mon,94.2,62.3,442.9,11.0,23.0,36,3.1,0.0,0.0
4,4,mar,mon,87.2,23.9,64.7,4.1,11.8,35,1.8,0.0,0.0
4,4,mar,mon,87.6,52.2,103.8,5.0,11.0,46,5.8,0.0,0.0
4,4,sep,thu,92.9,137.0,706.4,9.2,20.8,17,1.3,0.0,0.0
4,3,aug,sun,90.2,99.6,631.2,6.3,21.5,34,2.2,0.0,0.0
4,3,aug,wed,92.1,111.2,654.1,9.6,20.4,42,4.9,0.0,0.0
4,3,aug,wed,92.1,111.2,654.1,9.6,20.4,42,4.9,0.0,0.0
4,3,aug,thu,91.7,114.3,661.3,6.3,17.6,45,3.6,0.0,0.0
4,3,sep,thu,92.9,137.0,706.4,9.2,27.7,24,2.2,0.0,0.0
4,3,sep,tue,90.3,80.7,730.2,6.3,17.8,63,4.9,0.0,0.0
4,3,oct,sun,92.6,46.5,691.8,8.8,13.8,50,2.7,0.0,0.0
2,2,feb,mon,84.0,9.3,34.0,2.1,13.9,40,5.4,0.0,0.0
2,2,feb,fri,86.6,13.2,43.0,5.3,12.3,51,0.9,0.0,0.0
2,2,mar,sun,89.3,51.3,102.2,9.6,11.5,39,5.8,0.0,0.0
2,2,mar,sun,89.3,51.3,102.2,9.6,5.5,59,6.3,0.0,0.0
2,2,aug,thu,93.0,75.3,466.6,7.7,18.8,35,4.9,0.0,0.0
2,2,aug,sun,90.2,99.6,631.2,6.3,20.8,33,2.7,0.0,0.0
2,2,aug,mon,91.1,103.2,638.8,5.8,23.1,31,3.1,0.0,0.0
2,2,aug,thu,91.7,114.3,661.3,6.3,18.6,44,4.5,0.0,0.0
2,2,sep,fri,92.4,117.9,668.0,12.2,23.0,37,4.5,0.0,0.0
2,2,sep,fri,92.4,117.9,668.0,12.2,19.6,33,5.4,0.0,0.0
2,2,sep,fri,92.4,117.9,668.0,12.2,19.6,33,6.3,0.0,0.0
4,5,mar,fri,91.7,33.3,77.5,9.0,17.2,26,4.5,0.0,0.0
4,5,mar,fri,91.2,48.3,97.8,12.5,15.8,27,7.6,0.0,0.0
4,5,sep,fri,94.3,85.1,692.3,15.9,17.7,37,3.6,0.0,0.0
5,4,mar,fri,91.7,33.3,77.5,9.0,15.6,25,6.3,0.0,0.0
5,4,aug,tue,88.8,147.3,614.5,9.0,17.3,43,4.5,0.0,0.0
5,4,sep,fri,93.3,141.2,713.9,13.9,27.6,30,1.3,0.0,0.0
9,9,feb,thu,84.2,6.8,26.6,7.7,6.7,79,3.1,0.0,0.0
9,9,feb,fri,86.6,13.2,43.0,5.3,15.7,43,3.1,0.0,0.0
1,3,mar,mon,87.6,52.2,103.8,5.0,8.3,72,3.1,0.0,0.0
1,2,aug,fri,90.1,108.0,529.8,12.5,14.7,66,2.7,0.0,0.0
1,2,aug,tue,91.0,121.2,561.6,7.0,21.6,19,6.7,0.0,0.0
1,2,aug,sun,91.4,142.4,601.4,10.6,19.5,39,6.3,0.0,0.0
1,2,aug,sun,90.2,99.6,631.2,6.3,17.9,44,2.2,0.0,0.0
1,2,aug,tue,94.8,108.3,647.1,17.0,18.6,51,4.5,0.0,0.0
1,2,aug,wed,92.1,111.2,654.1,9.6,16.6,47,0.9,0.0,0.0
1,2,aug,thu,91.7,114.3,661.3,6.3,20.2,45,3.6,0.0,0.0
1,2,sep,thu,92.9,137.0,706.4,9.2,21.5,15,0.9,0.0,0.0
1,2,sep,thu,92.9,137.0,706.4,9.2,25.4,27,2.2,0.0,0.0
1,2,sep,thu,92.9,137.0,706.4,9.2,22.4,34,2.2,0.0,0.0
1,2,sep,sun,93.5,149.3,728.6,8.1,25.3,36,3.6,0.0,0.0
6,5,mar,sat,91.7,35.8,80.8,7.8,17.4,25,4.9,0.0,0.0
6,5,aug,sat,90.2,96.9,624.2,8.9,14.7,59,5.8,0.0,0.0
8,6,mar,fri,91.7,35.8,80.8,7.8,17.4,24,5.4,0.0,0.0
8,6,aug,sun,92.3,85.3,488.0,14.7,20.8,32,6.3,0.0,0.0
8,6,aug,sun,91.4,142.4,601.4,10.6,18.2,43,4.9,0.0,0.0
8,6,aug,mon,91.1,103.2,638.8,5.8,23.4,22,2.7,0.0,0.0
4,4,sep,sun,89.7,90.0,704.4,4.8,17.8,64,1.3,0.0,0.0
3,4,feb,sat,83.9,8.0,30.2,2.6,12.7,48,1.8,0.0,0.0
3,4,mar,sat,69.0,2.4,15.5,0.7,17.4,24,5.4,0.0,0.0
3,4,aug,sun,91.4,142.4,601.4,10.6,11.6,87,4.5,0.0,0.0
3,4,aug,sun,91.4,142.4,601.4,10.6,19.8,39,5.4,0.0,0.0
3,4,aug,sun,91.4,142.4,601.4,10.6,19.8,39,5.4,0.0,0.0
3,4,aug,tue,88.8,147.3,614.5,9.0,14.4,66,5.4,0.0,0.0
2,4,aug,tue,94.8,108.3,647.1,17.0,20.1,40,4.0,0.0,0.0
2,4,sep,sat,92.5,121.1,674.4,8.6,24.1,29,4.5,0.0,0.0
2,4,jan,sat,82.1,3.7,9.3,2.9,5.3,78,3.1,0.0,0.0
4,5,mar,fri,85.9,19.5,57.3,2.8,12.7,52,6.3,0.0,0.0
4,5,mar,thu,91.4,30.7,74.3,7.5,18.2,29,3.1,0.0,0.0
4,5,aug,sun,90.2,99.6,631.2,6.3,21.4,33,3.1,0.0,0.0
4,5,sep,sat,92.5,88.0,698.6,7.1,20.3,45,3.1,0.0,0.0
4,5,sep,mon,88.6,91.8,709.9,7.1,17.4,56,5.4,0.0,0.0
4,4,mar,fri,85.9,19.5,57.3,2.8,13.7,43,5.8,0.0,0.0
3,4,mar,fri,91.7,33.3,77.5,9.0,18.8,18,4.5,0.0,0.0
3,4,sep,sun,89.7,90.0,704.4,4.8,22.8,39,3.6,0.0,0.0
3,4,sep,mon,91.8,78.5,724.3,9.2,18.9,35,2.7,0.0,0.0
3,4,mar,tue,88.1,25.7,67.6,3.8,15.8,27,7.6,0.0,0.0
3,5,mar,tue,88.1,25.7,67.6,3.8,15.5,27,6.3,0.0,0.0
3,4,mar,sat,91.7,35.8,80.8,7.8,11.6,30,6.3,0.0,0.0
3,4,mar,sat,91.7,35.8,80.8,7.8,15.2,27,4.9,0.0,0.0
3,4,mar,mon,90.1,39.7,86.6,6.2,10.6,30,4.0,0.0,0.0
3,4,aug,thu,93.0,75.3,466.6,7.7,19.6,36,3.1,0.0,0.0
3,4,aug,mon,91.5,145.4,608.2,10.7,10.3,74,2.2,0.0,0.0
3,4,aug,mon,91.5,145.4,608.2,10.7,17.1,43,5.4,0.0,0.0
3,4,sep,sun,92.4,124.1,680.7,8.5,22.5,42,5.4,0.0,0.0
3,4,sep,tue,84.4,73.4,671.9,3.2,17.9,45,3.1,0.0,0.0
3,4,sep,fri,94.3,85.1,692.3,15.9,19.8,50,5.4,0.0,0.0
3,4,oct,sun,92.6,46.5,691.8,8.8,20.6,24,5.4,0.0,0.0
3,5,mar,mon,87.6,52.2,103.8,5.0,9.0,49,2.2,0.0,0.0
3,5,sep,fri,93.5,149.3,728.6,8.1,17.2,43,3.1,0.0,0.0
3,5,oct,wed,91.4,37.9,673.8,5.2,15.9,46,3.6,0.0,0.0
2,5,oct,sun,92.6,46.5,691.8,8.8,15.4,35,0.9,0.0,0.0
4,6,feb,sat,68.2,21.5,87.2,0.8,15.4,40,2.7,0.0,0.0
4,6,mar,mon,87.2,23.9,64.7,4.1,14.0,39,3.1,0.0,0.0
4,6,mar,sun,89.3,51.3,102.2,9.6,10.6,46,4.9,0.0,0.0
4,6,sep,thu,93.7,80.9,685.2,17.9,17.6,42,3.1,0.0,0.0
3,5,mar,tue,88.1,25.7,67.6,3.8,14.9,38,2.7,0.0,0.0
3,5,aug,sat,93.5,139.4,594.2,20.3,17.6,52,5.8,0.0,0.0
3,6,sep,sun,92.4,124.1,680.7,8.5,17.2,58,1.3,0.0,0.0
3,6,sep,mon,90.9,126.5,686.5,7.0,15.6,66,3.1,0.0,0.0
9,9,jul,tue,85.8,48.3,313.4,3.9,18.0,42,2.7,0.0,0.36
1,4,sep,tue,91.0,129.5,692.6,7.0,21.7,38,2.2,0.0,0.43
2,5,sep,mon,90.9,126.5,686.5,7.0,21.9,39,1.8,0.0,0.47
1,2,aug,wed,95.5,99.9,513.3,13.2,23.3,31,4.5,0.0,0.55
8,6,aug,fri,90.1,108.0,529.8,12.5,21.2,51,8.9,0.0,0.61
1,2,jul,sat,90.0,51.3,296.3,8.7,16.6,53,5.4,0.0,0.71
2,5,aug,wed,95.5,99.9,513.3,13.2,23.8,32,5.4,0.0,0.77
6,5,aug,thu,95.2,131.7,578.8,10.4,27.4,22,4.0,0.0,0.9
5,4,mar,mon,90.1,39.7,86.6,6.2,13.2,40,5.4,0.0,0.95
8,3,sep,tue,84.4,73.4,671.9,3.2,24.2,28,3.6,0.0,0.96
2,2,aug,tue,94.8,108.3,647.1,17.0,17.4,43,6.7,0.0,1.07
8,6,sep,thu,93.7,80.9,685.2,17.9,23.7,25,4.5,0.0,1.12
6,5,jun,fri,92.5,56.4,433.3,7.1,23.2,39,5.4,0.0,1.19
9,9,jul,sun,90.1,68.6,355.2,7.2,24.8,29,2.2,0.0,1.36
3,4,jul,sat,90.1,51.2,424.1,6.2,24.6,43,1.8,0.0,1.43
5,4,sep,fri,94.3,85.1,692.3,15.9,20.1,47,4.9,0.0,1.46
1,5,sep,sat,93.4,145.4,721.4,8.1,29.6,27,2.7,0.0,1.46
7,4,aug,sun,94.8,108.3,647.1,17.0,16.4,47,1.3,0.0,1.56
2,4,sep,sat,93.4,145.4,721.4,8.1,28.6,27,2.2,0.0,1.61
2,2,aug,wed,92.1,111.2,654.1,9.6,18.4,45,3.6,0.0,1.63
2,4,aug,wed,92.1,111.2,654.1,9.6,20.5,35,4.0,0.0,1.64
7,4,sep,fri,92.4,117.9,668.0,12.2,19.0,34,5.8,0.0,1.69
7,4,mar,mon,90.1,39.7,86.6,6.2,16.1,29,3.1,0.0,1.75
6,4,aug,thu,95.2,131.7,578.8,10.4,20.3,41,4.0,0.0,1.9
6,3,mar,sat,90.6,50.1,100.4,7.8,15.2,31,8.5,0.0,1.94
8,6,sep,sat,92.5,121.1,674.4,8.6,17.8,56,1.8,0.0,1.95
8,5,sep,sun,89.7,90.0,704.4,4.8,17.8,67,2.2,0.0,2.01
6,5,mar,thu,84.9,18.2,55.0,3.0,5.3,70,4.5,0.0,2.14
6,5,aug,wed,92.1,111.2,654.1,9.6,16.6,47,0.9,0.0,2.29
6,5,aug,wed,96.0,127.1,570.5,16.5,23.4,33,4.5,0.0,2.51
6,5,mar,fri,91.2,48.3,97.8,12.5,14.6,26,9.4,0.0,2.53
8,6,aug,thu,95.2,131.7,578.8,10.4,20.7,45,2.2,0.0,2.55
5,4,sep,wed,92.9,133.3,699.6,9.2,21.9,35,1.8,0.0,2.57
8,6,aug,wed,85.6,90.4,609.6,6.6,17.4,50,4.0,0.0,2.69
7,4,aug,sun,91.4,142.4,601.4,10.6,20.1,39,5.4,0.0,2.74
4,4,sep,mon,90.9,126.5,686.5,7.0,17.7,39,2.2,0.0,3.07
1,4,aug,sat,90.2,96.9,624.2,8.9,14.2,53,1.8,0.0,3.5
1,4,aug,sat,90.2,96.9,624.2,8.9,20.3,39,4.9,0.0,4.53
6,5,apr,thu,81.5,9.1,55.2,2.7,5.8,54,5.8,0.0,4.61
2,5,aug,sun,90.2,99.6,631.2,6.3,19.2,44,2.7,0.0,4.69
2,5,sep,wed,90.1,82.9,735.7,6.2,18.3,45,2.2,0.0,4.88
8,6,aug,tue,88.8,147.3,614.5,9.0,14.4,66,5.4,0.0,5.23
1,3,sep,sun,92.4,124.1,680.7,8.5,23.9,32,6.7,0.0,5.33
8,6,oct,mon,84.9,32.8,664.2,3.0,19.1,32,4.0,0.0,5.44
5,4,feb,sun,86.8,15.6,48.3,3.9,12.4,53,2.2,0.0,6.38
7,4,oct,mon,91.7,48.5,696.1,11.1,16.8,45,4.5,0.0,6.83
8,6,aug,fri,93.9,135.7,586.7,15.1,20.8,34,4.9,0.0,6.96
2,5,sep,tue,91.0,129.5,692.6,7.0,17.6,46,3.1,0.0,7.04
8,6,mar,sun,89.3,51.3,102.2,9.6,11.5,39,5.8,0.0,7.19
1,5,sep,mon,90.9,126.5,686.5,7.0,21.0,42,2.2,0.0,7.3
6,4,mar,sat,90.8,41.9,89.4,7.9,13.3,42,0.9,0.0,7.4
7,4,mar,sun,90.7,44.0,92.4,5.5,11.5,60,4.0,0.0,8.24
6,5,mar,fri,91.2,48.3,97.8,12.5,11.7,33,4.0,0.0,8.31
2,5,aug,thu,95.2,131.7,578.8,10.4,24.2,28,2.7,0.0,8.68
2,2,aug,tue,94.8,108.3,647.1,17.0,24.6,22,4.5,0.0,8.71
4,5,sep,wed,92.9,133.3,699.6,9.2,24.3,25,4.0,0.0,9.41
2,2,aug,tue,94.8,108.3,647.1,17.0,24.6,22,4.5,0.0,10.01
2,5,aug,fri,93.9,135.7,586.7,15.1,23.5,36,5.4,0.0,10.02
6,5,apr,thu,81.5,9.1,55.2,2.7,5.8,54,5.8,0.0,10.93
4,5,sep,thu,92.9,137.0,706.4,9.2,21.5,15,0.9,0.0,11.06
3,4,sep,tue,91.0,129.5,692.6,7.0,13.9,59,6.3,0.0,11.24
2,4,sep,mon,63.5,70.8,665.3,0.8,22.6,38,3.6,0.0,11.32
1,5,sep,tue,91.0,129.5,692.6,7.0,21.6,33,2.2,0.0,11.53
6,5,mar,sun,90.1,37.6,83.7,7.2,12.4,54,3.6,0.0,12.1
7,4,feb,sun,83.9,8.7,32.1,2.1,8.8,68,2.2,0.0,13.05
8,6,oct,wed,91.4,37.9,673.8,5.2,20.2,37,2.7,0.0,13.7
5,6,mar,sat,90.6,50.1,100.4,7.8,15.1,64,4.0,0.0,13.99
4,5,sep,thu,92.9,137.0,706.4,9.2,22.1,34,1.8,0.0,14.57
2,2,aug,sat,93.5,139.4,594.2,20.3,22.9,31,7.2,0.0,15.45
7,5,sep,tue,91.0,129.5,692.6,7.0,20.7,37,2.2,0.0,17.2
6,5,sep,fri,92.4,117.9,668.0,12.2,19.6,33,6.3,0.0,19.23
8,3,sep,thu,93.7,80.9,685.2,17.9,23.2,26,4.9,0.0,23.41
4,4,oct,sat,90.6,43.7,686.9,6.7,18.4,25,3.1,0.0,24.23
7,4,aug,sat,93.5,139.4,594.2,20.3,5.1,96,5.8,0.0,26.0
7,4,sep,fri,94.3,85.1,692.3,15.9,20.1,47,4.9,0.0,26.13
7,3,mar,mon,87.6,52.2,103.8,5.0,11.0,46,5.8,0.0,27.35
4,4,mar,sat,91.7,35.8,80.8,7.8,17.0,27,4.9,0.0,28.66
4,4,mar,sat,91.7,35.8,80.8,7.8,17.0,27,4.9,0.0,28.66
4,4,sep,sun,92.4,124.1,680.7,8.5,16.9,60,1.3,0.0,29.48
1,3,sep,mon,88.6,91.8,709.9,7.1,12.4,73,6.3,0.0,30.32
4,5,sep,wed,92.9,133.3,699.6,9.2,19.4,19,1.3,0.0,31.72
6,5,mar,mon,90.1,39.7,86.6,6.2,15.2,27,3.1,0.0,31.86
8,6,aug,sun,90.2,99.6,631.2,6.3,16.2,59,3.1,0.0,32.07
3,4,sep,fri,93.3,141.2,713.9,13.9,18.6,49,3.6,0.0,35.88
4,3,mar,mon,87.6,52.2,103.8,5.0,11.0,46,5.8,0.0,36.85
2,2,jul,fri,88.3,150.3,309.9,6.8,13.4,79,3.6,0.0,37.02
7,4,sep,wed,90.1,82.9,735.7,6.2,15.4,57,4.5,0.0,37.71
4,4,sep,sun,93.5,149.3,728.6,8.1,22.9,39,4.9,0.0,48.55
7,5,oct,mon,91.7,48.5,696.1,11.1,16.1,44,4.0,0.0,49.37
8,6,aug,sat,92.2,81.8,480.8,11.9,20.1,34,4.5,0.0,58.3
4,6,sep,sun,93.5,149.3,728.6,8.1,28.3,26,3.1,0.0,64.1
8,6,aug,sat,92.2,81.8,480.8,11.9,16.4,43,4.0,0.0,71.3
4,4,sep,wed,92.9,133.3,699.6,9.2,26.4,21,4.5,0.0,88.49
1,5,sep,sun,93.5,149.3,728.6,8.1,27.8,27,3.1,0.0,95.18
6,4,sep,tue,91.0,129.5,692.6,7.0,18.7,43,2.7,0.0,103.39
9,4,sep,tue,84.4,73.4,671.9,3.2,24.3,36,3.1,0.0,105.66
4,5,sep,sat,92.5,121.1,674.4,8.6,17.7,25,3.1,0.0,154.88
8,6,aug,sun,91.4,142.4,601.4,10.6,19.6,41,5.8,0.0,196.48
2,2,sep,sat,92.5,121.1,674.4,8.6,18.2,46,1.8,0.0,200.94
1,2,sep,tue,91.0,129.5,692.6,7.0,18.8,40,2.2,0.0,212.88
6,5,sep,sat,92.5,121.1,674.4,8.6,25.1,27,4.0,0.0,1090.84
7,5,apr,sun,81.9,3.0,7.9,3.5,13.4,75,1.8,0.0,0.0
6,3,apr,wed,88.0,17.2,43.5,3.8,15.2,51,2.7,0.0,0.0
4,4,apr,fri,83.0,23.3,85.3,2.3,16.7,20,3.1,0.0,0.0
2,4,aug,sun,94.2,122.3,589.9,12.9,15.4,66,4.0,0.0,10.13
7,4,aug,sun,91.8,175.1,700.7,13.8,21.9,73,7.6,1.0,0.0
2,4,aug,sun,91.8,175.1,700.7,13.8,22.4,54,7.6,0.0,2.87
3,4,aug,sun,91.8,175.1,700.7,13.8,26.8,38,6.3,0.0,0.76
5,4,aug,sun,91.8,175.1,700.7,13.8,25.7,39,5.4,0.0,0.09
2,4,aug,wed,92.2,91.6,503.6,9.6,20.7,70,2.2,0.0,0.75
8,6,aug,wed,93.1,157.3,666.7,13.5,28.7,28,2.7,0.0,0.0
3,4,aug,wed,93.1,157.3,666.7,13.5,21.7,40,0.4,0.0,2.47
8,5,aug,wed,93.1,157.3,666.7,13.5,26.8,25,3.1,0.0,0.68
8,5,aug,wed,93.1,157.3,666.7,13.5,24.0,36,3.1,0.0,0.24
6,5,aug,wed,93.1,157.3,666.7,13.5,22.1,37,3.6,0.0,0.21
7,4,aug,thu,91.9,109.2,565.5,8.0,21.4,38,2.7,0.0,1.52
6,3,aug,thu,91.6,138.1,621.7,6.3,18.9,41,3.1,0.0,10.34
2,5,aug,thu,87.5,77.0,694.8,5.0,22.3,46,4.0,0.0,0.0
8,6,aug,sat,94.2,117.2,581.1,11.0,23.9,41,2.2,0.0,8.02
4,3,aug,sat,94.2,117.2,581.1,11.0,21.4,44,2.7,0.0,0.68
3,4,aug,sat,91.8,170.9,692.3,13.7,20.6,59,0.9,0.0,0.0
7,4,aug,sat,91.8,170.9,692.3,13.7,23.7,40,1.8,0.0,1.38
2,4,aug,mon,93.6,97.9,542.0,14.4,28.3,32,4.0,0.0,8.85
3,4,aug,fri,91.6,112.4,573.0,8.9,11.2,84,7.6,0.0,3.3
2,4,aug,fri,91.6,112.4,573.0,8.9,21.4,42,3.1,0.0,4.25
6,3,aug,fri,91.1,141.1,629.1,7.1,19.3,39,3.6,0.0,1.56
4,4,aug,fri,94.3,167.6,684.4,13.0,21.8,53,3.1,0.0,6.54
4,4,aug,tue,93.7,102.2,550.3,14.6,22.1,54,7.6,0.0,0.79
6,5,aug,tue,94.3,131.7,607.1,22.7,19.4,55,4.0,0.0,0.17
2,2,aug,tue,92.1,152.6,658.2,14.3,23.7,24,3.1,0.0,0.0
3,4,aug,tue,92.1,152.6,658.2,14.3,21.0,32,3.1,0.0,0.0
4,4,aug,tue,92.1,152.6,658.2,14.3,19.1,53,2.7,0.0,4.4
2,2,aug,tue,92.1,152.6,658.2,14.3,21.8,56,3.1,0.0,0.52
8,6,aug,tue,92.1,152.6,658.2,14.3,20.1,58,4.5,0.0,9.27
2,5,aug,tue,92.1,152.6,658.2,14.3,20.2,47,4.0,0.0,3.09
4,6,dec,sun,84.4,27.2,353.5,6.8,4.8,57,8.5,0.0,8.98
8,6,dec,wed,84.0,27.8,354.6,5.3,5.1,61,8.0,0.0,11.19
4,6,dec,thu,84.6,26.4,352.0,2.0,5.1,61,4.9,0.0,5.38
4,4,dec,mon,85.4,25.4,349.7,2.6,4.6,21,8.5,0.0,17.85
3,4,dec,mon,85.4,25.4,349.7,2.6,4.6,21,8.5,0.0,10.73
4,4,dec,mon,85.4,25.4,349.7,2.6,4.6,21,8.5,0.0,22.03
4,4,dec,mon,85.4,25.4,349.7,2.6,4.6,21,8.5,0.0,9.77
4,6,dec,fri,84.7,26.7,352.6,4.1,2.2,59,4.9,0.0,9.27
6,5,dec,tue,85.4,25.4,349.7,2.6,5.1,24,8.5,0.0,24.77
6,3,feb,sun,84.9,27.5,353.5,3.4,4.2,51,4.0,0.0,0.0
3,4,feb,wed,86.9,6.6,18.7,3.2,8.8,35,3.1,0.0,1.1
5,4,feb,fri,85.2,4.9,15.8,6.3,7.5,46,8.0,0.0,24.24
2,5,jul,sun,93.9,169.7,411.8,12.3,23.4,40,6.3,0.0,0.0
7,6,jul,wed,91.2,183.1,437.7,12.5,12.6,90,7.6,0.2,0.0
7,4,jul,sat,91.6,104.2,474.9,9.0,22.1,49,2.7,0.0,0.0
7,4,jul,sat,91.6,104.2,474.9,9.0,24.2,32,1.8,0.0,0.0
7,4,jul,sat,91.6,104.2,474.9,9.0,24.3,30,1.8,0.0,0.0
2,5,jul,sat,91.6,104.2,474.9,9.0,18.7,53,1.8,0.0,0.0
9,4,jul,sat,91.6,104.2,474.9,9.0,25.3,39,0.9,0.0,8.0
4,5,jul,fri,91.6,100.2,466.3,6.3,22.9,40,1.3,0.0,2.64
7,6,jul,tue,93.1,180.4,430.8,11.0,26.9,28,5.4,0.0,86.45
8,6,jul,tue,92.3,88.8,440.9,8.5,17.1,67,3.6,0.0,6.57
7,5,jun,sun,93.1,180.4,430.8,11.0,22.2,48,1.3,0.0,0.0
6,4,jun,sun,90.4,89.5,290.8,6.4,14.3,46,1.8,0.0,0.9
8,6,jun,sun,90.4,89.5,290.8,6.4,15.4,45,2.2,0.0,0.0
8,6,jun,wed,91.2,147.8,377.2,12.7,19.6,43,4.9,0.0,0.0
6,5,jun,sat,53.4,71.0,233.8,0.4,10.6,90,2.7,0.0,0.0
6,5,jun,mon,90.4,93.3,298.1,7.5,20.7,25,4.9,0.0,0.0
6,5,jun,mon,90.4,93.3,298.1,7.5,19.1,39,5.4,0.0,3.52
3,6,jun,fri,91.1,94.1,232.1,7.1,19.2,38,4.5,0.0,0.0
3,6,jun,fri,91.1,94.1,232.1,7.1,19.2,38,4.5,0.0,0.0
6,5,may,sat,85.1,28.0,113.8,3.5,11.3,94,4.9,0.0,0.0
1,4,sep,sun,89.6,84.1,714.3,5.7,19.0,52,2.2,0.0,0.0
7,4,sep,sun,89.6,84.1,714.3,5.7,17.1,53,5.4,0.0,0.41
3,4,sep,sun,89.6,84.1,714.3,5.7,23.8,35,3.6,0.0,5.18
2,4,sep,sun,92.4,105.8,758.1,9.9,16.0,45,1.8,0.0,0.0
2,4,sep,sun,92.4,105.8,758.1,9.9,24.9,27,2.2,0.0,0.0
7,4,sep,sun,92.4,105.8,758.1,9.9,25.3,27,2.7,0.0,0.0
6,3,sep,sun,92.4,105.8,758.1,9.9,24.8,28,1.8,0.0,14.29
2,4,sep,sun,50.4,46.2,706.6,0.4,12.2,78,6.3,0.0,0.0
6,5,sep,wed,92.6,115.4,777.1,8.8,24.3,27,4.9,0.0,0.0
4,4,sep,wed,92.6,115.4,777.1,8.8,19.7,41,1.8,0.0,1.58
3,4,sep,wed,91.2,134.7,817.5,7.2,18.5,30,2.7,0.0,0.0
4,5,sep,thu,92.4,96.2,739.4,8.6,18.6,24,5.8,0.0,0.0
4,4,sep,thu,92.4,96.2,739.4,8.6,19.2,24,4.9,0.0,3.78
6,5,sep,thu,92.8,119.0,783.5,7.5,21.6,27,2.2,0.0,0.0
5,4,sep,thu,92.8,119.0,783.5,7.5,21.6,28,6.3,0.0,4.41
6,3,sep,thu,92.8,119.0,783.5,7.5,18.9,34,7.2,0.0,34.36
1,4,sep,thu,92.8,119.0,783.5,7.5,16.8,28,4.0,0.0,7.21
6,5,sep,thu,92.8,119.0,783.5,7.5,16.8,28,4.0,0.0,1.01
3,5,sep,thu,90.7,136.9,822.8,6.8,12.9,39,2.7,0.0,2.18
6,5,sep,thu,88.1,53.3,726.9,5.4,13.7,56,1.8,0.0,4.42
1,4,sep,sat,92.2,102.3,751.5,8.4,24.2,27,3.1,0.0,0.0
5,4,sep,sat,92.2,102.3,751.5,8.4,24.1,27,3.1,0.0,0.0
6,5,sep,sat,92.2,102.3,751.5,8.4,21.2,32,2.2,0.0,0.0
6,5,sep,sat,92.2,102.3,751.5,8.4,19.7,35,1.8,0.0,0.0
4,3,sep,sat,92.2,102.3,751.5,8.4,23.5,27,4.0,0.0,3.33
3,3,sep,sat,92.2,102.3,751.5,8.4,24.2,27,3.1,0.0,6.58
7,4,sep,sat,91.2,124.4,795.3,8.5,21.5,28,4.5,0.0,15.64
4,4,sep,sat,91.2,124.4,795.3,8.5,17.1,41,2.2,0.0,11.22
1,4,sep,mon,92.1,87.7,721.1,9.5,18.1,54,3.1,0.0,2.13
2,3,sep,mon,91.6,108.4,764.0,6.2,18.0,51,5.4,0.0,0.0
4,3,sep,mon,91.6,108.4,764.0,6.2,9.8,86,1.8,0.0,0.0
7,4,sep,mon,91.6,108.4,764.0,6.2,19.3,44,2.2,0.0,0.0
6,3,sep,mon,91.6,108.4,764.0,6.2,23.0,34,2.2,0.0,56.04
8,6,sep,mon,91.6,108.4,764.0,6.2,22.7,35,2.2,0.0,7.48
2,4,sep,mon,91.6,108.4,764.0,6.2,20.4,41,1.8,0.0,1.47
2,5,sep,mon,91.6,108.4,764.0,6.2,19.3,44,2.2,0.0,3.93
8,6,sep,mon,91.9,111.7,770.3,6.5,15.7,51,2.2,0.0,0.0
6,3,sep,mon,91.5,130.1,807.1,7.5,20.6,37,1.8,0.0,0.0
8,6,sep,mon,91.5,130.1,807.1,7.5,15.9,51,4.5,0.0,2.18
6,3,sep,mon,91.5,130.1,807.1,7.5,12.2,66,4.9,0.0,6.1
2,2,sep,mon,91.5,130.1,807.1,7.5,16.8,43,3.1,0.0,5.83
1,4,sep,mon,91.5,130.1,807.1,7.5,21.3,35,2.2,0.0,28.19
5,4,sep,fri,92.1,99.0,745.3,9.6,10.1,75,3.6,0.0,0.0
3,4,sep,fri,92.1,99.0,745.3,9.6,17.4,57,4.5,0.0,0.0
5,4,sep,fri,92.1,99.0,745.3,9.6,12.8,64,3.6,0.0,1.64
5,4,sep,fri,92.1,99.0,745.3,9.6,10.1,75,3.6,0.0,3.71
4,4,sep,fri,92.1,99.0,745.3,9.6,15.4,53,6.3,0.0,7.31
7,4,sep,fri,92.1,99.0,745.3,9.6,20.6,43,3.6,0.0,2.03
7,4,sep,fri,92.1,99.0,745.3,9.6,19.8,47,2.7,0.0,1.72
7,4,sep,fri,92.1,99.0,745.3,9.6,18.7,50,2.2,0.0,5.97
4,4,sep,fri,92.1,99.0,745.3,9.6,20.8,35,4.9,0.0,13.06
4,4,sep,fri,92.1,99.0,745.3,9.6,20.8,35,4.9,0.0,1.26
6,3,sep,fri,92.5,122.0,789.7,10.2,15.9,55,3.6,0.0,0.0
6,3,sep,fri,92.5,122.0,789.7,10.2,19.7,39,2.7,0.0,0.0
1,4,sep,fri,92.5,122.0,789.7,10.2,21.1,39,2.2,0.0,8.12
6,5,sep,fri,92.5,122.0,789.7,10.2,18.4,42,2.2,0.0,1.09
4,3,sep,fri,92.5,122.0,789.7,10.2,17.3,45,4.0,0.0,3.94
7,4,sep,fri,88.2,55.2,732.3,11.6,15.2,64,3.1,0.0,0.52
4,3,sep,tue,91.9,111.7,770.3,6.5,15.9,53,2.2,0.0,2.93
6,5,sep,tue,91.9,111.7,770.3,6.5,21.1,35,2.7,0.0,5.65
6,5,sep,tue,91.9,111.7,770.3,6.5,19.6,45,3.1,0.0,20.03
4,5,sep,tue,91.1,132.3,812.1,12.5,15.9,38,5.4,0.0,1.75
4,5,sep,tue,91.1,132.3,812.1,12.5,16.4,27,3.6,0.0,0.0
6,5,sep,sat,91.2,94.3,744.4,8.4,16.8,47,4.9,0.0,12.64
4,5,sep,sun,91.0,276.3,825.1,7.1,13.8,77,7.6,0.0,0.0
7,4,sep,sun,91.0,276.3,825.1,7.1,13.8,77,7.6,0.0,11.06
3,4,jul,wed,91.9,133.6,520.5,8.0,14.2,58,4.0,0.0,0.0
4,5,aug,sun,92.0,203.2,664.5,8.1,10.4,75,0.9,0.0,0.0
5,4,aug,thu,94.8,222.4,698.6,13.9,20.3,42,2.7,0.0,0.0
6,5,sep,fri,90.3,290.0,855.3,7.4,10.3,78,4.0,0.0,18.3
6,5,sep,sat,91.2,94.3,744.4,8.4,15.4,57,4.9,0.0,39.35
8,6,aug,mon,92.1,207.0,672.6,8.2,21.1,54,2.2,0.0,0.0
2,2,aug,sat,93.7,231.1,715.1,8.4,21.9,42,2.2,0.0,174.63
6,5,mar,thu,90.9,18.9,30.6,8.0,8.7,51,5.8,0.0,0.0
4,5,jan,sun,18.7,1.1,171.4,0.0,5.2,100,0.9,0.0,0.0
5,4,jul,wed,93.7,101.3,458.8,11.9,19.3,39,7.2,0.0,7.73
8,6,aug,thu,90.7,194.1,643.0,6.8,16.2,63,2.7,0.0,16.33
8,6,aug,wed,95.2,217.7,690.0,18.0,28.2,29,1.8,0.0,5.86
9,6,aug,thu,91.6,248.4,753.8,6.3,20.5,58,2.7,0.0,42.87
8,4,aug,sat,91.6,273.8,819.1,7.7,21.3,44,4.5,0.0,12.18
2,4,aug,sun,91.6,181.3,613.0,7.6,20.9,50,2.2,0.0,16.0
3,4,sep,sun,90.5,96.7,750.5,11.4,20.6,55,5.4,0.0,24.59
5,5,mar,thu,90.9,18.9,30.6,8.0,11.6,48,5.4,0.0,0.0
6,4,aug,fri,94.8,227.0,706.7,12.0,23.3,34,3.1,0.0,28.74
7,4,aug,fri,94.8,227.0,706.7,12.0,23.3,34,3.1,0.0,0.0
7,4,feb,mon,84.7,9.5,58.3,4.1,7.5,71,6.3,0.0,9.96
8,6,sep,fri,91.1,91.3,738.1,7.2,20.7,46,2.7,0.0,30.18
1,3,sep,sun,91.0,276.3,825.1,7.1,21.9,43,4.0,0.0,70.76
2,4,mar,tue,93.4,15.0,25.6,11.4,15.2,19,7.6,0.0,0.0
6,5,feb,mon,84.1,4.6,46.7,2.2,5.3,68,1.8,0.0,0.0
4,5,feb,sun,85.0,9.0,56.9,3.5,10.1,62,1.8,0.0,51.78
4,3,sep,sun,90.5,96.7,750.5,11.4,20.4,55,4.9,0.0,3.64
5,6,aug,sun,91.6,181.3,613.0,7.6,24.3,33,3.6,0.0,3.63
1,2,aug,sat,93.7,231.1,715.1,8.4,25.9,32,3.1,0.0,0.0
9,5,jun,wed,93.3,49.5,297.7,14.0,28.0,34,4.5,0.0,0.0
9,5,jun,wed,93.3,49.5,297.7,14.0,28.0,34,4.5,0.0,8.16
3,4,sep,thu,91.1,88.2,731.7,8.3,22.8,46,4.0,0.0,4.95
9,9,aug,fri,94.8,227.0,706.7,12.0,25.0,36,4.0,0.0,0.0
8,6,aug,thu,90.7,194.1,643.0,6.8,21.3,41,3.6,0.0,0.0
2,4,sep,wed,87.9,84.8,725.1,3.7,21.8,34,2.2,0.0,6.04
2,2,aug,tue,94.6,212.1,680.9,9.5,27.9,27,2.2,0.0,0.0
6,5,sep,sat,87.1,291.3,860.6,4.0,17.0,67,4.9,0.0,3.95
4,5,feb,sat,84.7,8.2,55.0,2.9,14.2,46,4.0,0.0,0.0
4,3,sep,fri,90.3,290.0,855.3,7.4,19.9,44,3.1,0.0,7.8
1,4,jul,tue,92.3,96.2,450.2,12.1,23.4,31,5.4,0.0,0.0
6,3,feb,fri,84.1,7.3,52.8,2.7,14.7,42,2.7,0.0,0.0
7,4,feb,fri,84.6,3.2,43.6,3.3,8.2,53,9.4,0.0,4.62
9,4,jul,mon,92.3,92.1,442.1,9.8,22.8,27,4.5,0.0,1.63
7,5,aug,sat,93.7,231.1,715.1,8.4,26.4,33,3.6,0.0,0.0
5,4,aug,sun,93.6,235.1,723.1,10.1,24.1,50,4.0,0.0,0.0
8,6,aug,thu,94.8,222.4,698.6,13.9,27.5,27,4.9,0.0,746.28
6,3,jul,tue,92.7,164.1,575.8,8.9,26.3,39,3.1,0.0,7.02
6,5,mar,wed,93.4,17.3,28.3,9.9,13.8,24,5.8,0.0,0.0
2,4,aug,sun,92.0,203.2,664.5,8.1,24.9,42,5.4,0.0,2.44
2,5,aug,sun,91.6,181.3,613.0,7.6,24.8,36,4.0,0.0,3.05
8,8,aug,wed,91.7,191.4,635.9,7.8,26.2,36,4.5,0.0,185.76
2,4,aug,wed,95.2,217.7,690.0,18.0,30.8,19,4.5,0.0,0.0
8,6,jul,sun,88.9,263.1,795.9,5.2,29.3,27,3.6,0.0,6.3
1,3,sep,sat,91.2,94.3,744.4,8.4,22.3,48,4.0,0.0,0.72
8,6,aug,sat,93.7,231.1,715.1,8.4,26.9,31,3.6,0.0,4.96
2,2,aug,thu,91.6,248.4,753.8,6.3,20.4,56,2.2,0.0,0.0
8,6,aug,thu,91.6,248.4,753.8,6.3,20.4,56,2.2,0.0,0.0
2,4,aug,mon,92.1,207.0,672.6,8.2,27.9,33,2.2,0.0,2.35
1,3,aug,thu,94.8,222.4,698.6,13.9,26.2,34,5.8,0.0,0.0
3,4,aug,sun,91.6,181.3,613.0,7.6,24.6,44,4.0,0.0,3.2
7,4,sep,thu,89.7,287.2,849.3,6.8,19.4,45,3.6,0.0,0.0
1,3,aug,sat,92.1,178.0,605.3,9.6,23.3,40,4.0,0.0,6.36
8,6,aug,thu,94.8,222.4,698.6,13.9,23.9,38,6.7,0.0,0.0
2,4,aug,sun,93.6,235.1,723.1,10.1,20.9,66,4.9,0.0,15.34
1,4,aug,fri,90.6,269.8,811.2,5.5,22.2,45,3.6,0.0,0.0
2,5,jul,sat,90.8,84.7,376.6,5.6,23.8,51,1.8,0.0,0.0
8,6,aug,mon,92.1,207.0,672.6,8.2,26.8,35,1.3,0.0,0.54
8,6,aug,sat,89.4,253.6,768.4,9.7,14.2,73,2.7,0.0,0.0
2,5,aug,sat,93.7,231.1,715.1,8.4,23.6,53,4.0,0.0,6.43
1,3,sep,fri,91.1,91.3,738.1,7.2,19.1,46,2.2,0.0,0.33
5,4,sep,fri,90.3,290.0,855.3,7.4,16.2,58,3.6,0.0,0.0
8,6,aug,mon,92.1,207.0,672.6,8.2,25.5,29,1.8,0.0,1.23
6,5,apr,mon,87.9,24.9,41.6,3.7,10.9,64,3.1,0.0,3.35
1,2,jul,fri,90.7,80.9,368.3,16.8,14.8,78,8.0,0.0,0.0
2,5,sep,fri,90.3,290.0,855.3,7.4,16.2,58,3.6,0.0,9.96
5,5,aug,sun,94.0,47.9,100.7,10.7,17.3,80,4.5,0.0,0.0
6,5,aug,sun,92.0,203.2,664.5,8.1,19.1,70,2.2,0.0,0.0
3,4,mar,wed,93.4,17.3,28.3,9.9,8.9,35,8.0,0.0,0.0
7,4,sep,wed,89.7,284.9,844.0,10.1,10.5,77,4.0,0.0,0.0
7,4,aug,sun,91.6,181.3,613.0,7.6,19.3,61,4.9,0.0,0.0
4,5,aug,wed,95.2,217.7,690.0,18.0,23.4,49,5.4,0.0,6.43
1,4,aug,fri,90.5,196.8,649.9,16.3,11.8,88,4.9,0.0,9.71
7,4,aug,mon,91.5,238.2,730.6,7.5,17.7,65,4.0,0.0,0.0
4,5,aug,thu,89.4,266.2,803.3,5.6,17.4,54,3.1,0.0,0.0
3,4,aug,thu,91.6,248.4,753.8,6.3,16.8,56,3.1,0.0,0.0
3,4,jul,mon,94.6,160.0,567.2,16.7,17.9,48,2.7,0.0,0.0
2,4,aug,thu,91.6,248.4,753.8,6.3,16.6,59,2.7,0.0,0.0
1,4,aug,wed,91.7,191.4,635.9,7.8,19.9,50,4.0,0.0,82.75
8,6,aug,sat,93.7,231.1,715.1,8.4,18.9,64,4.9,0.0,3.32
7,4,aug,sat,91.6,273.8,819.1,7.7,15.5,72,8.0,0.0,1.94
2,5,aug,sat,93.7,231.1,715.1,8.4,18.9,64,4.9,0.0,0.0
8,6,aug,sat,93.7,231.1,715.1,8.4,18.9,64,4.9,0.0,0.0
1,4,sep,sun,91.0,276.3,825.1,7.1,14.5,76,7.6,0.0,3.71
6,5,feb,tue,75.1,4.4,16.2,1.9,4.6,82,6.3,0.0,5.39
6,4,feb,tue,75.1,4.4,16.2,1.9,5.1,77,5.4,0.0,2.14
2,2,feb,sat,79.5,3.6,15.3,1.8,4.6,59,0.9,0.0,6.84
6,5,mar,mon,87.2,15.1,36.9,7.1,10.2,45,5.8,0.0,3.18
3,4,mar,wed,90.2,18.5,41.1,7.3,11.2,41,5.4,0.0,5.55
6,5,mar,thu,91.3,20.6,43.5,8.5,13.3,27,3.6,0.0,6.61
6,3,apr,sun,91.0,14.6,25.6,12.3,13.7,33,9.4,0.0,61.13
5,4,apr,sun,91.0,14.6,25.6,12.3,17.6,27,5.8,0.0,0.0
4,3,may,fri,89.6,25.4,73.7,5.7,18.0,40,4.0,0.0,38.48
8,3,jun,mon,88.2,96.2,229.0,4.7,14.3,79,4.0,0.0,1.94
9,4,jun,sat,90.5,61.1,252.6,9.4,24.5,50,3.1,0.0,70.32
4,3,jun,thu,93.0,103.8,316.7,10.8,26.4,35,2.7,0.0,10.08
2,5,jun,thu,93.7,121.7,350.2,18.0,22.7,40,9.4,0.0,3.19
4,3,jul,thu,93.5,85.3,395.0,9.9,27.2,28,1.3,0.0,1.76
4,3,jul,sun,93.7,101.3,423.4,14.7,26.1,45,4.0,0.0,7.36
7,4,jul,sun,93.7,101.3,423.4,14.7,18.2,82,4.5,0.0,2.21
7,4,jul,mon,89.2,103.9,431.6,6.4,22.6,57,4.9,0.0,278.53
9,9,jul,thu,93.2,114.4,560.0,9.5,30.2,25,4.5,0.0,2.75
4,3,jul,thu,93.2,114.4,560.0,9.5,30.2,22,4.9,0.0,0.0
3,4,aug,sun,94.9,130.3,587.1,14.1,23.4,40,5.8,0.0,1.29
8,6,aug,sun,94.9,130.3,587.1,14.1,31.0,27,5.4,0.0,0.0
2,5,aug,sun,94.9,130.3,587.1,14.1,33.1,25,4.0,0.0,26.43
2,4,aug,mon,95.0,135.5,596.3,21.3,30.6,28,3.6,0.0,2.07
5,4,aug,tue,95.1,141.3,605.8,17.7,24.1,43,6.3,0.0,2.0
5,4,aug,tue,95.1,141.3,605.8,17.7,26.4,34,3.6,0.0,16.4
4,4,aug,tue,95.1,141.3,605.8,17.7,19.4,71,7.6,0.0,46.7
4,4,aug,wed,95.1,141.3,605.8,17.7,20.6,58,1.3,0.0,0.0
4,4,aug,wed,95.1,141.3,605.8,17.7,28.7,33,4.0,0.0,0.0
4,4,aug,thu,95.8,152.0,624.1,13.8,32.4,21,4.5,0.0,0.0
1,3,aug,fri,95.9,158.0,633.6,11.3,32.4,27,2.2,0.0,0.0
1,3,aug,fri,95.9,158.0,633.6,11.3,27.5,29,4.5,0.0,43.32
6,6,aug,sat,96.0,164.0,643.0,14.0,30.8,30,4.9,0.0,8.59
6,6,aug,mon,96.2,175.5,661.8,16.8,23.9,42,2.2,0.0,0.0
4,5,aug,mon,96.2,175.5,661.8,16.8,32.6,26,3.1,0.0,2.77
3,4,aug,tue,96.1,181.1,671.2,14.3,32.3,27,2.2,0.0,14.68
6,5,aug,tue,96.1,181.1,671.2,14.3,33.3,26,2.7,0.0,40.54
7,5,aug,tue,96.1,181.1,671.2,14.3,27.3,63,4.9,6.4,10.82
8,6,aug,tue,96.1,181.1,671.2,14.3,21.6,65,4.9,0.8,0.0
7,5,aug,tue,96.1,181.1,671.2,14.3,21.6,65,4.9,0.8,0.0
4,4,aug,tue,96.1,181.1,671.2,14.3,20.7,69,4.9,0.4,0.0
2,4,aug,wed,94.5,139.4,689.1,20.0,29.2,30,4.9,0.0,1.95
4,3,aug,wed,94.5,139.4,689.1,20.0,28.9,29,4.9,0.0,49.59
1,2,aug,thu,91.0,163.2,744.4,10.1,26.7,35,1.8,0.0,5.8
1,2,aug,fri,91.0,166.9,752.6,7.1,18.5,73,8.5,0.0,0.0
2,4,aug,fri,91.0,166.9,752.6,7.1,25.9,41,3.6,0.0,0.0
1,2,aug,fri,91.0,166.9,752.6,7.1,25.9,41,3.6,0.0,0.0
5,4,aug,fri,91.0,166.9,752.6,7.1,21.1,71,7.6,1.4,2.17
6,5,aug,fri,91.0,166.9,752.6,7.1,18.2,62,5.4,0.0,0.43
8,6,aug,sun,81.6,56.7,665.6,1.9,27.8,35,2.7,0.0,0.0
4,3,aug,sun,81.6,56.7,665.6,1.9,27.8,32,2.7,0.0,6.44
2,4,aug,sun,81.6,56.7,665.6,1.9,21.9,71,5.8,0.0,54.29
7,4,aug,sun,81.6,56.7,665.6,1.9,21.2,70,6.7,0.0,11.16
1,4,aug,sat,94.4,146.0,614.7,11.3,25.6,42,4.0,0.0,0.0
6,3,nov,tue,79.5,3.0,106.7,1.1,11.8,31,4.5,0.0,0.0
2,4,sep,sat,80.9723853799318,98.48964841039391,521.8767774240462,4.346152906013861,24.1,29,4.5,0.7863925972152063,0.0
6,3,sep,fri,84.73871255368121,97.87874007205032,608.20932075348,6.848327010271232,15.9,55,3.6,0.7666754354342591,0.0
8,6,aug,sun,82.98947393653972,105.99549050125187,395.2773180281477,7.426950925030395,18.2,43,4.9,0.3915259867889066,0.0
6,5,sep,fri,81.1519856843544,110.44435801127902,443.98946502048216,7.234438484319735,22.9,44,5.4,0.12429247341453095,0.0
4,5,aug,sun,72.8921190853522,73.44404109346584,404.3383952237127,3.859004316287011,21.4,33,3.1,0.14219192379008527,0.0
5,4,mar,fri,81.07760486823105,25.282996089096343,59.62141390797977,5.120099130834857,15.6,25,6.3,0.5082541990107046,0.0
4,5,jan,sun,15.914046324793187,0.8723865126077212,132.99717532214345,0.0,5.2,100,0.9,0.6248420794141404,0.0
5,4,sep,mon,78.03976488022163,55.346326738983834,569.7518272888846,6.014150234164904,19.1,38,2.7,0.862926519300819,0.0
2,4,sep,sat,83.89842243286613,103.72998305434159,533.0317125909927,6.223153834819012,24.1,29,4.5,0.5577173410502453,0.0
3,4,sep,sun,82.89522001310338,90.79817008533279,414.26033417257406,5.338570634342491,22.5,42,5.4,0.18767502381650802,0.0
1,4,aug,fri,84.2232586091474,239.72162900315595,515.7156635249746,3.870401027221617,22.2,45,3.6,0.5927697057688404,0.0
1,2,jul,fri,82.40977389115524,71.90226140167786,235.52639542557205,13.045868897692921,14.8,78,8.0,0.23779401198202402,0.0
9,9,feb,thu,70.22498659663388,4.869622825501172,18.5823338266659,5.632032147978423,6.7,79,3.1,0.7477320757652411,0.0
5,4,aug,sun,86.29003135903423,165.7936928165049,477.24458286953734,6.070710500234437,24.1,50,4.0,0.2136969067255688,0.0
1,2,sep,sun,81.55711651056625,109.79834273614198,464.20700566703226,5.329772538350978,25.3,36,3.6,0.8516320483428776,0.0
3,4,mar,sat,83.08796764930565,25.388401259862057,54.01655105385284,3.9950332478346193,15.2,27,4.9,0.6220597177030321,0.0
3,4,aug,sun,78.83196725109838,108.59038073336077,412.9762312302683,7.172627484538222,19.8,39,5.4,0.5282113991727551,0.0
2,4,jan,sat,75.88017775295222,3.1894604140318203,7.349936118888629,2.270815798532094,5.3,78,3.1,0.622155975779659,0.0
7,5,jun,sun,78.98197959746561,148.65507420525614,321.2375369786402,6.159695798352972,22.2,48,1.3,0.5643609763315225,0.0
4,6,mar,mon,80.72113175048024,17.063100102838828,41.32017018731438,2.9069493053485953,14.0,39,3.1,0.529993996575709,0.0
7,4,jul,sat,74.67102763380383,83.85294786225855,342.4113274736958,6.414681303037003,24.3,30,1.8,0.9653501501047312,0.0
4,3,aug,wed,83.64508744172562,86.52425916077652,509.14976401026047,6.098464478876127,20.4,42,4.9,0.4696772086455494,0.0
7,4,oct,tue,78.99532021138694,26.186583294706846,494.4216534538019,5.190907615654398,18.0,33,0.9,0.9924777372483019,0.0
1,2,sep,sun,80.12185807710296,129.08247437080328,479.07508283237763,4.380137922900887,25.3,36,3.6,0.7255704325955166,0.0
1,2,aug,fri,83.33564159776732,141.67455503202953,526.4644259442078,5.118006780485647,18.5,73,8.5,0.7013859281066315,0.0
3,6,jun,fri,73.87325763484829,75.97995575298894,147.28894889539836,5.407821375896918,19.2,38,4.5,0.7914285444415108,0.0
7,3,oct,sat,85.26328096961292,32.20055816397904,464.3614834123493,4.938027042860855,17.8,27,4.0,0.6800392538798018,0.0
4,6,feb,sat,55.96532400189371,18.004358797148335,65.92277755780626,0.6087691857416022,15.4,40,2.7,0.7235552912612782,0.0
2,4,mar,tue,76.81580187466312,11.792829091238236,18.738631242490627,6.36466034043098,15.2,19,7.6,0.9092563134105343,0.0
6,5,mar,thu,85.2999993743278,16.789210664372522,19.119070516577445,5.705807796330241,8.7,51,5.8,0.3348453273329448,0.0
5,4,sep,mon,80.04332565533387,61.99176726331385,561.7809307924448,6.143418507164717,19.1,38,2.7,0.35054285920814576,0.0
2,4,sep,sun,79.148842175618,91.04507811036042,462.2305372372847,7.178998664643505,16.0,45,1.8,0.7692898236183634,0.0
6,5,mar,wed,77.92027209840253,13.163317425283948,18.500289321131437,7.651913650162316,13.8,24,5.8,0.6897177384660452,0.0
2,2,feb,mon,70.44600790018653,8.267480697007791,20.851595409372653,1.173269892441899,13.9,40,5.4,0.70325325777277,0.0
7,4,jun,sun,76.69386470472922,71.86795018759375,146.32050506772575,41.24571118804394,21.0,44,4.5,0.21635829204816603,0.0
1,2,aug,fri,73.7220131072393,136.1400668471309,553.9913833534796,3.886106612583809,18.5,73,8.5,0.41315101377898167,0.0
6,5,mar,sat,85.14371257384994,29.56512979457029,51.98452625098753,5.398321223449486,17.4,25,4.9,0.8786614027135597,0.0
4,4,mar,mon,82.67720902557745,39.233465637243874,73.00723584131227,3.731206491229896,11.0,46,5.8,0.9071433728576959,0.0
7,4,sep,wed,84.39348015735891,208.23219245667303,583.9640210090286,5.193892935498681,10.5,77,4.0,0.5294290932159351,0.0
2,2,feb,fri,69.66864953200677,11.716884094620752,27.702590082704155,3.3482548884124212,12.3,51,0.9,0.7814843138153351,0.0
5,4,sep,sat,79.09618513250228,84.54096703839451,479.7510363312859,6.208315559192001,24.1,27,3.1,0.7511459783132639,0.0
7,4,aug,sun,74.50698044424578,127.34229972184608,388.7507880420348,4.310999751225686,19.3,61,4.9,0.5233648225830545,0.0
6,5,mar,thu,83.79087373922734,14.953403178194579,19.231213222837674,5.4073571240858165,8.7,51,5.8,0.4130224681047463,0.0
1,3,aug,thu,85.32679124034156,174.9471116681869,485.33125613208387,10.407516432421287,26.2,34,5.8,0.24984316235531123,0.0
6,5,sep,fri,77.35599467276371,99.31168885086797,555.1761464552293,8.575259008373052,22.9,44,5.4,0.5321952405899407,0.0
5,5,mar,thu,86.31161042710248,14.077917640029437,19.943855869295692,4.569631060146609,11.6,48,5.4,0.5029923472873968,0.0
5,5,mar,thu,77.88691957056555,13.860690074882832,20.423232056792315,5.050010604385134,11.6,48,5.4,0.9513342823295603,0.0
7,4,sep,mon,79.60498684920935,96.66820969583456,490.16479477405164,4.145373552918653,19.3,44,2.2,0.8807417464741533,0.0
5,5,mar,thu,75.95703119880058,14.968687898591504,20.085657447815827,5.861730589361529,11.6,48,5.4,0.8780733134185825,0.0
4,3,aug,sun,79.30028548210709,89.56230153982321,426.5663494546408,3.6476365664107693,21.5,34,2.2,0.28279791056153436,0.0
4,5,sep,sat,84.12419722849779,77.23672383483616,425.32956038221334,3.776239873602275,20.3,45,3.1,0.1818258619664418,0.0
4,3,sep,thu,84.64888972814529,98.68541172933072,487.3765682617186,5.960986010764993,27.7,24,2.2,0.8968763327425819,0.0
2,2,aug,mon,78.78380151448093,92.72239527413558,465.0450185789754,4.211137776239237,23.1,31,3.1,0.4105703845733041,0.0
4,6,mar,mon,77.15595783797684,18.084066633284447,49.60431103464871,2.819101317129187,14.0,39,3.1,0.3640438225750354,0.0
4,3,jul,thu,88.50146712003696,88.79619671899266,365.09890680680445,6.179170448493188,30.2,22,4.9,0.8993541109034612,0.0
4,3,aug,sun,80.58521935645304,79.73983367836563,401.05828567765025,4.504897407814974,21.5,34,2.2,0.4442370404953808,0.0
3,5,aug,sat,82.45547786978204,121.65627814029631,449.65735691828615,14.536306293859932,17.6,52,5.8,0.712091041719341,0.0
5,4,sep,mon,76.41814047579308,64.16873416253048,498.4157323845561,5.428490878082932,19.1,38,2.7,0.3042678053055905,0.0
5,4,aug,tue,78.7451902177086,115.9912128926588,438.0726385124683,5.025260519449816,17.3,43,4.5,0.1835586292510853,0.0
4,5,sep,thu,85.927552275574,85.39157163308451,559.1771121032899,5.581898779235096,18.6,24,5.8,0.5413333569341358,0.0
6,4,mar,wed,76.97095809981793,22.019406940942805,49.61391859012283,3.333169055378964,15.9,35,4.0,0.8109503317073582,0.0
4,6,mar,sun,76.89854086431883,40.515042071674046,69.3982117022326,5.385945404152857,10.6,46,4.9,0.3405252590335138,0.0
6,5,mar,sat,75.05062639406619,29.52155140946977,52.47597850704221,4.644375480852683,17.4,25,4.9,0.9542629006060344,0.0
2,2,mar,sun,83.35477730398269,41.99275619738411,64.20605059690087,5.985883492344966,11.5,39,5.8,0.6244478765272194,0.0
6,5,sep,wed,74.52113213371453,105.28704469756728,446.23451834309344,7.164375896629838,26.4,21,4.5,0.2252716184586764,0.0
7,5,sep,sat,82.23162802442634,64.46557224042847,458.3454445589957,4.613703662256096,22.8,40,4.0,0.7692116400763999,0.0
6,5,aug,sat,77.3815632323544,82.62788979129213,494.30017433996403,4.7013393241566686,14.7,59,5.8,0.9748633072011555,0.0
4,3,aug,wed,87.48819603728141,95.71046129404779,408.14079116480184,7.6354666858205,20.4,42,4.9,0.1817913482965275,0.0
4,6,feb,sat,59.78447259686904,16.16964683195117,54.153743736927645,0.43608585523268906,15.4,40,2.7,0.9046683060382094,0.0
1,2,aug,thu,73.7992538471519,86.89250377315939,435.7758016209654,4.646488599243587,20.2,45,3.6,0.24090295459143132,0.0
8,6,aug,sun,84.42186868097968,67.77493537239725,356.79719856735744,8.197522431006087,20.8,32,6.3,0.6218824032296786,0.0
3,4,mar,fri,80.82148403947522,28.14528851772107,54.50085726252445,5.6776593877014205,18.8,18,4.5,0.9692228450748184,0.0
6,5,mar,thu,74.11327865260553,13.625065418986022,18.56900785022606,4.468760092810182,8.7,51,5.8,0.17158250785018234,0.0
4,5,feb,sat,74.90667341995984,5.775668828996715,43.65265668807555,2.0413287637444637,14.2,46,4.0,0.19021935714568775,0.0
6,5,sep,sat,82.61060940284753,77.32177083565904,492.8907023867099,4.674031405791135,19.7,35,1.8,0.39716725442056844,0.0
8,6,sep,tue,78.8601571241697,94.40477804622785,528.8001379641194,4.014670710708629,13.1,63,5.4,0.8351667037660331,0.0
7,4,sep,mon,73.71383389739975,80.60807867737239,532.2227087220615,3.9346931120656987,19.3,44,2.2,0.6917876550791886,0.0
6,3,sep,tue,74.98307418200926,68.83231602587692,447.07770261426646,3.307873057572439,18.2,62,4.5,0.47844961402417574,0.0
2,2,aug,thu,82.44141826081783,197.78457796493518,595.1241136148752,3.68670601015824,20.4,56,2.2,0.35529470579183886,0.0
1,2,aug,sun,76.13073348400606,88.20005563186665,384.63649497392754,3.2397356409825506,17.9,44,2.2,0.3919466456669365,0.0
2,4,sep,sun,47.771442211669616,38.06533412267757,470.6129139292535,0.28497078265547715,12.2,78,6.3,0.7311125296159082,0.0
4,4,sep,thu,88.22510798946932,99.15068103981285,499.99234988655985,4.773147316027644,20.8,17,1.3,0.2399183178500119,0.0
2,4,jan,sat,66.80513680151215,3.0445162740119494,6.587218293012281,2.0127000665365786,5.3,78,3.1,0.4328972344700813,0.0
4,6,mar,sun,77.75770310188922,39.73460701399604,73.87220032480795,6.692165326544468,10.6,46,4.9,0.5105935535320031,0.0
7,4,oct,tue,81.87904100746864,27.838260104605205,456.5017318707561,3.827089880476576,18.0,33,0.9,0.39107131109956017,0.0
3,5,mar,tue,79.76446569798591,18.17642882263638,45.76251552251983,2.6928241314162755,14.9,38,2.7,0.12233919176413584,0.0
4,3,aug,thu,78.81022487612832,100.974076222515,473.5721184914602,3.5443251618311624,17.6,45,3.6,0.7974252980731644,0.0
4,5,mar,thu,83.59043216688441,22.021919212737746,53.71358822053514,4.19377952132698,18.2,29,3.1,0.15455601484694498,0.0
8,6,mar,sun,82.46151018872676,40.56125508402083,80.59020841545272,6.296482749178353,11.4,99,1.8,0.9495682901057431,0.0
4,3,aug,thu,73.49446174177011,98.3794797289611,471.57303127720695,4.960941942531437,17.6,45,3.6,0.17443148420025728,0.0
7,4,aug,mon,83.78701737086226,213.84469197806283,497.25477957179214,3.963181323625454,17.7,65,4.0,0.22170802710608276,0.0
7,4,aug,fri,79.44253737236214,202.71324003191938,516.6084357872995,9.16932720621379,23.3,34,3.1,0.5921543138342878,0.0
6,3,feb,sun,71.00985110915717,21.728932343023732,244.49276080895646,1.8776462452418665,4.2,51,4.0,0.7351723646610095,0.0
3,4,mar,wed,83.6233892746631,12.882559186128393,22.360707774918232,7.310031396021015,8.9,35,8.0,0.29403401505750604,0.0
4,4,sep,wed,74.26838365989852,69.33133805706953,493.3157785678214,4.353534816829833,12.9,74,4.9,0.7342116286564635,0.0
2,4,sep,sun,76.39621101623064,85.43249444509598,484.1301400289745,6.322674866123693,24.9,27,2.2,0.6437232786687738,0.0
7,5,aug,sat,81.98456832648095,183.4206930499729,486.1186651363986,5.137248791655633,26.4,33,3.6,0.1719295468711315,0.0
5,5,mar,thu,85.34706402867977,15.477859208122283,24.298792795825122,4.640263185807988,11.6,48,5.4,0.13413941118969225,0.0
5,4,apr,sun,81.58612657481949,11.006343884889436,19.704603237019754,6.550111931874008,17.6,27,5.8,0.4852130849877526,0.0
6,5,sep,wed,76.43384809524332,102.52932443127214,455.5902738290854,5.679745502738228,26.4,21,4.5,0.5063390284931816,0.0
4,4,sep,sun,82.49516290904015,69.86080142819596,468.2624897012624,2.6865879572664824,17.8,64,1.3,0.8467233772329242,0.0
4,4,mar,mon,80.149972923386,18.940152756876024,51.150450795900994,2.162269912335788,11.8,35,1.8,0.1281997770933931,0.0
6,5,sep,fri,77.63962366828338,123.64998439062092,470.399029469632,7.233325664753336,22.9,44,5.4,0.49700202971316976,0.0
1,4,jul,tue,76.66060135969734,73.63637651843237,339.77992764520656,8.897931961479586,23.4,31,5.4,0.5206219332723807,0.0
2,2,aug,thu,75.4036543450253,192.82425788443385,526.7221058373913,3.3176785037004106,20.4,56,2.2,0.9467858234566198,0.0
1,2,jul,fri,82.77797767113968,61.74994943645677,278.74755629098524,10.384551817109381,14.8,78,8.0,0.7751497542799558,0.0
5,5,mar,thu,76.5509217529879,16.79758297366458,19.913221070027838,6.3466132313044685,11.6,48,5.4,0.46854256951975104,0.0
4,4,jul,tue,67.94370827649837,44.31453697617326,243.83693375764486,0.8356112415615452,23.3,37,3.1,0.36795023994973286,0.0
8,6,aug,sat,80.19315405423235,181.88911384261064,604.8020394738754,6.184936615847974,14.2,73,2.7,0.970005456121657,0.0
1,3,aug,thu,87.77682825326288,183.13589208211945,480.2122459602487,7.221743994919742,26.2,34,5.8,0.9610654843851271,0.0
2,4,aug,fri,74.2368527215941,117.46254056447073,531.290170822179,5.474241457092422,25.9,41,3.6,0.8059231582071148,0.0
1,2,aug,tue,79.2985743487693,93.71653298630207,517.504962039555,12.048169899482783,18.6,51,4.5,0.9488598098341053,0.0
3,4,mar,fri,87.09122589139974,26.0342698727914,53.88095879644247,4.506917162053133,18.8,18,4.5,0.3635962507746452,0.0
4,3,aug,wed,77.57150176663313,90.42263707178792,396.5883916286239,6.716383801034223,20.4,42,4.9,0.3935339104092843,0.0
7,4,aug,sat,88.52467298818388,110.68222651016244,373.12422712302475,15.190515428999126,23.7,32,5.8,0.44979570897206234,0.0
8,6,jun,wed,79.9957590486084,106.07193436453211,234.68635424354244,8.366880117273325,19.6,43,4.9,0.44369591983863543,0.0
6,5,aug,sun,75.58710756947544,177.1319104072939,481.3406855706919,4.697433240611192,19.1,70,2.2,0.7765098937224857,0.0
6,5,mar,thu,77.36871413434649,15.429818410154894,23.855305342880374,5.4211193080776,8.7,51,5.8,0.6692027088134307,0.0
3,4,sep,fri,87.8970954069311,72.80152451924222,441.8249128375229,11.198835691779465,19.8,50,5.4,0.1389520495901474,0.0
2,4,aug,fri,76.18425383743242,145.0258958777428,506.9585977841074,4.617735718191631,25.9,41,3.6,0.7776244755644984,0.0
4,4,aug,sat,77.11725157044336,79.23926564314945,400.2809465809857,4.9745715389246605,18.4,42,6.7,0.8567614948557747,0.0
3,6,jun,fri,85.2780223414292,83.93907423143271,164.15481331184992,5.170804469169261,19.2,38,4.5,0.6023476976110175,0.0
6,5,sep,fri,82.52067377395278,102.13559238746707,451.0893315869534,10.139829483670217,22.9,44,5.4,0.29331549943647595,0.0
5,6,sep,wed,77.25435929334,73.95311302649591,518.0510261206307,11.593316640951024,25.9,24,4.0,0.5836416031825403,0.0
2,2,aug,thu,84.37024310875188,96.28934830171413,466.2927274907962,3.314045905214029,18.6,44,4.5,0.6978914667181398,0.0
6,5,mar,sat,84.51395246334307,27.99328664728693,53.61158829852736,5.173342697001461,17.4,25,4.9,0.5043047491849282,0.0
4,5,sep,fri,88.49593535042777,70.41746770993275,524.1978470483509,11.10403978776425,17.7,37,3.6,0.5101262160312006,0.0
7,5,sep,sat,80.95655395779447,71.88572490101508,555.7146036925203,4.218612768323364,22.8,40,4.0,0.8182324513454114,0.0
1,2,sep,sun,75.59254856647493,106.34753520631993,556.4722358357456,5.471330787044948,25.3,36,3.6,0.7099400713456272,0.0
2,5,oct,sun,76.04620098892286,39.57341845617181,493.0876666050506,5.998887594696917,15.4,35,0.9,0.37200458764641997,0.0
1,2,aug,fri,79.0359734869071,145.27229631470226,595.4164133100962,4.877633840043639,18.5,73,8.5,0.46490606694674474,0.0
3,6,sep,sun,78.95258342305819,102.73597712468465,535.5839717788631,4.573027776663938,17.2,58,1.3,0.15001258300170042,0.0
5,5,aug,sun,77.51861965914581,36.34701363450114,71.62161853139985,5.925425938630666,17.3,80,4.5,0.9707652362476337,0.0
2,2,aug,sun,76.81482567730392,73.11874138677932,407.3876591268607,3.1951783802420444,20.8,33,2.7,0.8742188541365297,0.0
6,3,apr,wed,78.61476488477031,14.061734398615274,33.78217818354889,2.0436085469156473,15.2,51,2.7,0.27835299264131663,0.0
1,2,aug,sun,73.00070814269749,76.2872315021549,420.0321424664538,3.211320335310211,17.9,44,2.2,0.3971843390176598,0.0
3,6,sep,sun,80.20823922231375,98.83529027900838,422.5345593551668,5.586523888938808,17.2,58,1.3,0.2309732846125081,0.0
7,4,sep,sun,76.91374337844326,89.26687476672288,579.852600199915,6.655745900640788,25.3,27,2.7,0.7846068238436793,0.0
7,4,sep,sun,76.27359153471242,74.64589477425437,560.8689729054852,7.681362542155342,25.3,27,2.7,0.337534562132574,0.0
6,3,sep,sun,85.512737345037,62.0666696399022,431.70243952247625,4.227224473845882,17.7,39,3.6,0.8571944176615971,0.0
3,4,sep,tue,69.27552633918732,61.8181844695701,468.67679250912,2.156028620733656,17.9,45,3.1,0.49769899034136067,0.0
8,6,aug,sun,81.91891549942297,75.82965301993401,344.5896951792466,7.362822461371428,22.2,29,5.4,0.15764307260413235,0.0
1,3,aug,fri,86.07658401035569,124.2439253847999,468.6344650794695,7.475042442065967,32.4,27,2.2,0.8431025146952893,0.0
4,4,aug,wed,89.54526676834757,118.04615283095572,465.8544988450024,13.244592564408789,20.6,58,1.3,0.7982460274645091,0.0
4,4,aug,sat,75.94294685565316,76.97262637584565,486.65911587105705,4.986078982026653,18.4,42,6.7,0.1757743018371387,0.0
6,3,sep,sat,77.05289516531751,102.90521190179959,434.22766131061246,4.826006105888395,30.2,24,2.7,0.698745877876624,0.0
3,5,aug,sat,85.18179152463202,104.33640433515569,450.72755312789565,12.800454750657465,17.6,52,5.8,0.5081815626168509,0.0
6,3,feb,fri,71.67795774450758,5.675430720774126,35.59183789828433,1.7333103711513196,14.7,42,2.7,0.3934503577787525,0.0
5,4,mar,fri,79.94617558300227,25.06035335955882,55.7808621248702,5.395055721064353,15.6,25,6.3,0.8494839619073672,0.0
6,5,aug,fri,51.455096431993496,52.50979931990815,527.3147677724655,0.5542655478819095,17.0,72,6.7,0.6202760432212654,0.0
2,4,sep,sun,78.04026228657789,94.64129733191723,510.23498181831,5.214175321127808,24.9,27,2.2,0.6821244964806806,0.0
6,3,sep,sun,82.19507825704818,60.03510776722855,498.2306558204082,5.625987266311436,17.7,39,3.6,0.37066758218093643,0.0
4,4,mar,mon,80.47592391013846,19.384216056662336,51.72970468084152,2.460694173149846,11.8,35,1.8,0.5923469729033447,0.0
2,5,jul,sat,80.38199195335442,77.00649641778072,352.0268158591773,6.869849789667446,18.7,53,1.8,0.9568503370540613,0.0
2,2,aug,thu,76.04195115834227,66.680908849141,289.3593168972607,5.928802851148934,18.8,35,4.9,0.7768147999967532,0.0
5,5,aug,sun,86.25496736989066,35.76216296850248,66.40717294255471,5.821952115050045,17.3,80,4.5,0.6840961981212288,0.0
7,4,oct,fri,81.06765816784169,33.712162413058145,492.44330663209786,6.624081458459472,11.3,60,5.4,0.22417608398084524,0.0
3,4,aug,sun,75.4628908462938,110.19871578718573,363.33439544214207,6.4732000514659545,19.8,39,5.4,0.6248931879131395,0.0
6,5,sep,sat,81.920687066549,89.24259875436947,556.9667764598611,5.491339952723778,19.7,35,1.8,0.8199942216133874,0.0
2,4,jan,sat,72.12161544890907,3.1803700325723123,5.9815997358379605,1.6976437535079532,5.3,78,3.1,0.7973237794477079,0.0
5,4,sep,fri,80.62639126369403,256.62177419535226,548.0690191334984,5.362830843223846,16.2,58,3.6,0.13139896327256198,0.0
7,4,sep,wed,77.37721047519742,206.89007396268343,658.5289602473443,7.956501948532941,10.5,77,4.0,0.47310732674158673,0.0
6,3,sep,tue,81.91885893150193,57.84793063234467,476.7007072611861,4.678455148020879,18.2,62,4.5,0.6413980483301698,0.0
6,5,feb,mon,73.73749351754506,3.6194051086557812,32.80544946739954,1.5495230617641147,5.3,68,1.8,0.23334621348151866,0.0
8,6,aug,sat,86.47373646787817,175.3029843385449,541.2169723239655,6.572533347792689,18.9,64,4.9,0.43324986167039503,0.0
3,4,aug,tue,72.3554282116526,126.44319117109985,457.8355606957249,6.295150773364424,14.4,66,5.4,0.20731330870562614,0.0
7,4,sep,mon,82.06397621857337,92.03492737572579,480.8689679203949,3.2368172336578684,19.3,44,2.2,0.5068899214577699,0.0
2,2,aug,thu,76.77824094178649,194.12844935420554,541.1479423525587,3.1630212781875318,20.4,56,2.2,0.642829987004334,0.0
4,6,mar,mon,70.32478809242862,18.746737862090107,43.6171200536714,2.6457318231664373,14.0,39,3.1,0.4807799575887214,0.0
7,5,mar,fri,81.68207986054894,20.01835351696945,64.36910959984323,3.427893759943666,8.2,51,6.7,0.7114745115887453,0.0
8,6,aug,sun,76.61030694363482,66.7868080583674,297.3746368410323,11.194580211992452,22.2,29,5.4,0.6336694235457263,0.0
3,4,mar,wed,80.05729662338022,12.802827080535478,22.30230340478291,5.560680422272255,8.9,35,8.0,0.10893961004331318,0.0
2,5,aug,thu,74.42461937146174,63.2684839189208,454.194773929972,3.046398885358478,22.3,46,4.0,0.43981059188939997,0.0
2,4,sep,sat,75.34836210051006,88.03785108315881,489.35734172701274,6.0684066033086435,24.1,29,4.5,0.2918296619444697,0.0
7,4,sep,mon,84.20962863194228,112.3453351876251,505.6849755105316,4.739497212461861,19.4,48,1.3,0.3874642866385959,0.0
3,6,sep,mon,77.08611680081701,97.24439582039676,519.819695343667,5.537761571482955,15.6,66,3.1,0.2146526210282878,0.0
8,6,aug,thu,85.2685117645458,213.33942966354107,512.1519241660523,3.8271965868365942,20.4,56,2.2,0.4795818253322325,0.0
6,5,sep,fri,83.4150369084147,105.1817485742712,519.2679755875118,8.24069273911614,22.9,44,5.4,0.7710915325563137,0.0
6,5,aug,sat,72.77985445228109,84.72336520508028,407.3044362416542,5.514696418701449,14.7,59,5.8,0.563518929288591,0.0
4,4,aug,tue,78.2787701252741,97.3503847992602,401.0604562826272,8.68814282527634,16.6,54,5.4,0.45032662173298454,0.0
3,4,sep,fri,76.98397225671587,68.57628755615808,522.5132393690876,8.393595714585757,19.8,50,5.4,0.21666240502860556,0.0
2,4,aug,wed,79.91737018645736,182.29493608739122,466.9108726438013,10.197357582023956,30.8,19,4.5,0.10652199337083075,0.0
3,4,sep,fri,86.35872319544363,75.24850619092682,483.07399788332344,5.6238773755316664,17.4,57,4.5,0.8070441071704242,0.0
2,2,aug,sun,74.98967749892915,76.31869841509616,381.0548518781955,3.7892334190430113,20.8,33,2.7,0.33833613754446656,0.0
3,4,feb,sat,76.49181457887741,6.303447350207198,21.521442674717434,1.999961960894198,12.7,48,1.8,0.4442484584848384,0.0
4,4,aug,wed,89.35972583121045,109.00132344287077,416.9132025252345,11.756808078797778,20.6,58,1.3,0.6376274522419709,0.0
6,3,nov,tue,72.02216303380357,2.441365643582674,75.18823956051955,0.7393892139084248,11.8,31,4.5,0.42791535073597375,0.0
4,3,aug,wed,84.68733095611185,95.60506276134318,402.3538391675557,7.135034357802669,20.4,42,4.9,0.8706708159398967,0.0
3,4,feb,sat,74.1306068191237,6.367212051261815,22.662062613715403,1.596507655557048,12.7,48,1.8,0.13170991195112602,0.0
4,6,mar,sun,72.05336315629313,45.36794030992007,69.08409032630641,6.636502042482445,10.6,46,4.9,0.8559050085302642,0.0
4,5,aug,thu,83.69114317169367,239.1582584066125,604.4810372146676,3.3796435608938387,17.4,54,3.1,0.5235912689841179,0.0
4,3,jul,thu,80.2900307149689,98.92914585876332,368.9973648101218,5.665183171028564,30.2,22,4.9,0.5338286047435077,0.0
2,5,jul,sat,83.64135010694213,92.3535224871429,354.72492342027334,5.5658265537402345,18.7,53,1.8,0.617785827813021,0.0
4,4,aug,wed,84.48055897084379,104.28833474165872,484.5842994096848,10.617276956596378,20.6,58,1.3,0.3788245445243127,0.0
2,4,aug,fri,80.9857416342744,144.1934549661642,548.6602786755171,5.4365482314023295,25.9,41,3.6,0.7768282313950584,0.0
3,4,aug,sat,82.5880288641851,121.45512271082204,472.07919455865635,10.862488234706959,20.6,59,0.9,0.806997967497211,0.0
6,5,sep,sat,74.44346050453315,81.27869418536318,543.2021845181886,6.268585690008142,21.2,32,2.2,0.6787719970195023,0.0
6,3,sep,sun,82.49580757890392,108.88410141130558,582.7861623595592,5.316322249023159,22.8,39,3.6,0.696665799917197,0.0
6,3,oct,tue,82.20658117988911,28.2146973269421,437.56426178273733,3.943052173989661,21.7,24,4.5,0.7441268354560974,0.0
6,5,sep,mon,83.13985056441103,89.15588415720772,452.8682191740468,4.319892792602678,21.3,42,2.2,0.48566964954252534,0.0
